utt_id,tier,label,start,end,duration
u1_l1_001,words,,0.0,0.36,0.36
u1_l1_001,words,bula,0.36,0.92,0.56
u1_l1_001,words,,0.92,1.974938,1.054938
u1_l1_002,words,,0.0,0.32,0.32
u1_l1_002,words,bula,0.32,0.93,0.6100000000000001
u1_l1_002,words,,0.93,1.496188,0.566188
u1_l1_003,words,,0.0,0.44,0.44
u1_l1_003,words,e,0.44,0.64,0.2
u1_l1_003,words,dua,0.64,0.98,0.33999999999999997
u1_l1_003,words,na,0.98,1.19,0.20999999999999996
u1_l1_003,words,yalewa,1.19,1.97,0.78
u1_l1_003,words,,1.97,2.513562,0.5435619999999999
u1_l1_004,words,,0.0,0.25,0.25
u1_l1_004,words,e,0.25,0.37,0.12
u1_l1_004,words,dua,0.37,0.82,0.44999999999999996
u1_l1_004,words,na,0.82,1.02,0.20000000000000007
u1_l1_004,words,,1.02,1.13,0.10999999999999988
u1_l1_004,words,tagane,1.13,1.7,0.5700000000000001
u1_l1_004,words,,1.7,2.214313,0.5143130000000002
u1_l1_005,words,,0.0,0.35,0.35
u1_l1_005,words,e,0.35,0.55,0.20000000000000007
u1_l1_005,words,dua,0.55,0.88,0.32999999999999996
u1_l1_005,words,na,0.88,1.07,0.19000000000000006
u1_l1_005,words,tagane,1.07,1.76,0.69
u1_l1_005,words,,1.76,2.573437,0.8134370000000002
u1_l1_006,words,,0.0,0.3,0.3
u1_l1_006,words,e,0.3,0.4,0.10000000000000003
u1_l1_006,words,dua,0.4,0.82,0.41999999999999993
u1_l1_006,words,na,0.82,1.04,0.22000000000000008
u1_l1_006,words,yalewa,1.04,1.79,0.75
u1_l1_006,words,,1.79,2.45375,0.6637499999999998
u1_l1_007,words,,0.0,0.3,0.3
u1_l1_007,words,e,0.3,0.43,0.13
u1_l1_007,words,cici,0.43,0.78,0.35000000000000003
u1_l1_007,words,tiko,0.78,1.19,0.4099999999999999
u1_l1_007,words,na,1.19,1.35,0.16000000000000014
u1_l1_007,words,tagane,1.35,2.0,0.6499999999999999
u1_l1_007,words,,2.0,2.812813,0.8128129999999998
u1_l1_008,words,,0.0,0.31,0.31
u1_l1_008,words,e,0.31,0.38,0.07
u1_l1_008,words,taubale,0.38,1.04,0.66
u1_l1_008,words,tiko,1.04,1.43,0.3899999999999999
u1_l1_008,words,na,1.43,1.58,0.15000000000000013
u1_l1_008,words,tagane,1.58,2.21,0.6299999999999999
u1_l1_008,words,,2.21,3.052188,0.8421880000000002
u1_l1_009,words,,0.0,0.4,0.4
u1_l1_009,words,e,0.4,0.47,0.06999999999999995
u1_l1_009,words,taubale,0.47,1.16,0.69
u1_l1_009,words,tiko,1.16,1.58,0.42000000000000015
u1_l1_009,words,na,1.58,1.91,0.32999999999999985
u1_l1_009,words,yalewa,1.91,2.45,0.5400000000000003
u1_l1_009,words,,2.45,2.992313,0.5423129999999996
u1_l1_010,words,,0.0,0.65,0.65
u1_l1_010,words,e,0.65,0.77,0.12
u1_l1_010,words,cici,0.77,1.13,0.3599999999999999
u1_l1_010,words,tiko,1.13,1.49,0.3600000000000001
u1_l1_010,words,na,1.49,1.7,0.20999999999999996
u1_l1_010,words,yalewa,1.7,2.38,0.6799999999999999
u1_l1_010,words,,2.38,3.471125,1.091125
u1_l1_011,words,,0.0,0.46,0.46
u1_l1_011,words,e,0.46,0.56,0.10000000000000003
u1_l1_011,words,lagasere,0.56,1.31,0.75
u1_l1_011,words,tiko,1.31,1.71,0.3999999999999999
u1_l1_011,words,na,1.71,1.88,0.16999999999999993
u1_l1_011,words,tagane,1.88,2.52,0.6400000000000001
u1_l1_011,words,,2.52,3.351437,0.8314370000000002
u1_l1_012,words,,0.0,0.18,0.18
u1_l1_012,words,e,0.18,0.37,0.19
u1_l1_012,words,dānisi,0.37,0.94,0.57
u1_l1_012,words,tiko,0.94,1.32,0.3800000000000001
u1_l1_012,words,na,1.32,1.51,0.18999999999999995
u1_l1_012,words,yalewa,1.51,2.14,0.6300000000000001
u1_l1_012,words,,2.14,2.633313,0.49331299999999967
u1_l1_013,words,,0.0,0.28,0.28
u1_l1_013,words,e,0.28,0.38,0.09999999999999998
u1_l1_013,words,lagasere,0.38,1.1,0.7200000000000001
u1_l1_013,words,tiko,1.1,1.48,0.3799999999999999
u1_l1_013,words,na,1.48,1.67,0.18999999999999995
u1_l1_013,words,yalewa,1.67,2.32,0.6499999999999999
u1_l1_013,words,,2.32,3.052188,0.7321880000000003
u1_l1_014,words,,0.0,0.36,0.36
u1_l1_014,words,e,0.36,0.55,0.19000000000000006
u1_l1_014,words,dānisi,0.55,1.11,0.56
u1_l1_014,words,tiko,1.11,1.49,0.3799999999999999
u1_l1_014,words,na,1.49,1.65,0.15999999999999992
u1_l1_014,words,tagane,1.65,2.27,0.6200000000000001
u1_l1_014,words,,2.27,2.9325,0.6625000000000001
u1_l1_015,words,,0.0,0.44,0.44
u1_l1_015,words,e,0.44,0.55,0.11000000000000004
u1_l1_015,words,dua,0.55,0.96,0.4099999999999999
u1_l1_015,words,na,0.96,1.11,0.15000000000000013
u1_l1_015,words,tagane,1.11,1.74,0.6299999999999999
u1_l1_015,words,,1.74,2.334,0.5940000000000001
u1_l1_016,words,,0.0,0.48,0.48
u1_l1_016,words,e,0.48,0.67,0.19000000000000006
u1_l1_016,words,dua,0.67,0.96,0.2899999999999999
u1_l1_016,words,na,0.96,1.16,0.19999999999999996
u1_l1_016,words,yalewa,1.16,1.86,0.7000000000000002
u1_l1_016,words,,1.86,2.334,0.474
u1_l1_017,words,,0.0,0.22,0.22
u1_l1_017,words,e,0.22,0.34,0.12000000000000002
u1_l1_017,words,dua,0.34,0.71,0.36999999999999994
u1_l1_017,words,na,0.71,0.89,0.18000000000000005
u1_l1_017,words,goneyalewa,0.89,1.92,1.0299999999999998
u1_l1_017,words,,1.92,2.81275,0.8927499999999999
u1_l1_018,words,,0.0,0.37,0.37
u1_l1_018,words,e,0.37,0.49,0.12
u1_l1_018,words,dua,0.49,0.85,0.36
u1_l1_018,words,na,0.85,1.01,0.16000000000000003
u1_l1_018,words,gonetagane,1.01,1.93,0.9199999999999999
u1_l1_018,words,,1.93,2.513562,0.5835619999999999
u1_l1_019,words,,0.0,0.34,0.34
u1_l1_019,words,e,0.34,0.45,0.10999999999999999
u1_l1_019,words,dua,0.45,0.83,0.37999999999999995
u1_l1_019,words,na,0.83,1.01,0.18000000000000005
u1_l1_019,words,gonetagane,1.01,1.94,0.9299999999999999
u1_l1_019,words,,1.94,3.052188,1.1121880000000002
u1_l1_020,words,,0.0,0.25,0.25
u1_l1_020,words,e,0.25,0.44,0.19
u1_l1_020,words,dua,0.44,0.72,0.27999999999999997
u1_l1_020,words,na,0.72,0.89,0.17000000000000004
u1_l1_020,words,goneyalewa,0.89,1.88,0.9899999999999999
u1_l1_020,words,,1.88,2.753,0.8730000000000002
