tier,label,start,end,duration
phones,,0.0,0.31,0.31
phones,EH1,0.31,0.38,0.07
phones,T,0.38,0.54,0.16000000000000003
phones,AW1,0.54,0.67,0.13
phones,B,0.67,0.81,0.14
phones,AA0,0.81,0.89,0.07999999999999996
phones,L,0.89,0.97,0.07999999999999996
phones,EH0,0.97,1.04,0.07000000000000006
phones,T,1.04,1.18,0.1399999999999999
phones,IY1,1.18,1.23,0.050000000000000044
phones,K,1.23,1.36,0.13000000000000012
phones,OW0,1.36,1.43,0.06999999999999984
phones,N,1.43,1.54,0.1100000000000001
phones,AA1,1.54,1.58,0.040000000000000036
phones,T,1.58,1.73,0.1499999999999999
phones,AA1,1.73,1.79,0.06000000000000005
phones,G,1.79,1.82,0.030000000000000027
phones,AH0,1.82,2.0,0.17999999999999994
phones,N,2.0,2.12,0.1200000000000001
phones,EH0,2.12,2.21,0.08999999999999986
phones,,2.21,3.052188,0.8421880000000002
