sentence_id,feature,snr,norm_distance,score
u1_l1_004,gfcc,clean,0.073035540076387,37.76425366539096
u1_l1_004,mfcc,clean,0.05878188754859063,45.668632575876615
u1_l1_004,gfcc,snr20,2.8375291747699296,3.7070049172069855e-15
u1_l1_004,mfcc,snr20,3.0798482676813603,1.4650481441176712e-16
u1_l1_004,gfcc,snr10,3.0378158910178104,2.565926940507354e-16
u1_l1_004,mfcc,snr10,3.4380543788247744,1.2348837163977014e-18
u1_l1_004,gfcc,snr05,3.266214758047352,1.2208980073660512e-17
u1_l1_004,mfcc,snr05,3.626501251640309,1.0009373700611354e-19
u1_l1_005,gfcc,clean,0.11845201331631197,20.610692786597674
u1_l1_005,mfcc,clean,0.07733300923775059,35.661204747677935
u1_l1_005,gfcc,snr20,2.7976321382505986,6.310309582531521e-15
u1_l1_005,mfcc,snr20,2.9062800977058054,1.4822263946887568e-15
u1_l1_005,gfcc,snr10,3.2014941453205448,2.893677436541852e-17
u1_l1_005,mfcc,snr10,3.344188978741871,4.316804703694319e-18
u1_l1_005,gfcc,snr05,3.2537120422062897,1.4423728031736466e-17
u1_l1_005,mfcc,snr05,3.3378388211138836,4.6982224968752795e-18
u1_l1_012,gfcc,clean,0.08040035558942592,34.232156292756656
u1_l1_012,mfcc,clean,0.06759604695564811,40.60493292783969
u1_l1_012,gfcc,snr20,3.022414913421904,3.150830792142935e-16
u1_l1_012,mfcc,snr20,3.227795229365481,2.0377515976401543e-17
u1_l1_012,gfcc,snr10,3.3874119628028505,2.4259156057501625e-18
u1_l1_012,mfcc,snr10,3.471356896749374,7.921086094354138e-19
u1_l1_012,gfcc,snr05,3.3909553790739104,2.3139672419920422e-18
u1_l1_012,mfcc,snr05,3.673836811815139,5.3248323187717383e-20
u1_l1_014,gfcc,clean,0.08493923861978693,32.2219212276862
u1_l1_014,mfcc,clean,0.08532225602500196,32.05778660506377
u1_l1_014,gfcc,snr20,3.084108927478117,1.3841404143686892e-16
u1_l1_014,mfcc,snr20,3.196911174573505,3.0760134962771626e-17
u1_l1_014,gfcc,snr10,3.3467854721932624,4.1699146333011745e-18
u1_l1_014,mfcc,snr10,3.403634392633748,1.9540613653116522e-18
u1_l1_014,gfcc,snr05,3.351002280465927,3.941933952098987e-18
u1_l1_014,mfcc,snr05,3.658506374953512,6.532482545681205e-20
u1_l1_015,gfcc,clean,0.057893735937214516,46.21265631693302
u1_l1_015,mfcc,clean,0.07599538853978499,36.302925807886396
u1_l1_015,gfcc,snr20,3.0210010291274356,3.210793016255581e-16
u1_l1_015,mfcc,snr20,3.158705613410466,5.119423942105309e-17
u1_l1_015,gfcc,snr10,3.274650100437099,1.0910226067084172e-17
u1_l1_015,mfcc,snr10,3.4046312615206054,1.9282606383919463e-18
u1_l1_015,gfcc,snr05,3.41287594237787,1.72752421658079e-18
u1_l1_015,mfcc,snr05,3.4912721791471104,6.073841253771496e-19
u1_l1_018,gfcc,clean,0.07936898537572781,34.70615496182875
u1_l1_018,mfcc,clean,0.07640821924810387,36.103648595051865
u1_l1_018,gfcc,snr20,2.967048750701876,6.592163957783753e-16
u1_l1_018,mfcc,snr20,3.0658779563425878,1.7650145300217482e-16
u1_l1_018,gfcc,snr10,3.3811303431289628,2.6378493671134108e-18
u1_l1_018,mfcc,snr10,3.5503344414756683,2.7634900723509815e-19
u1_l1_018,gfcc,snr05,3.377486822606612,2.769160553869759e-18
u1_l1_018,mfcc,snr05,3.549684789643129,2.787531464121918e-19
u1_l1_026,gfcc,clean,0.1926263268431938,7.666185476926659
u1_l1_026,mfcc,clean,0.10852859677606914,23.52637727620868
u1_l1_026,gfcc,snr20,2.877256842761148,2.1826113147440154e-15
u1_l1_026,mfcc,snr20,3.075045956431688,1.5619248228316608e-16
u1_l1_026,gfcc,snr10,3.0739441851230036,1.5850393057244778e-16
u1_l1_026,mfcc,snr10,3.2451181114558945,1.6174895403331567e-17
u1_l1_026,gfcc,snr05,3.095032946534311,1.1965300226384397e-16
u1_l1_026,mfcc,snr05,3.330677640265002,5.168934923390478e-18
u1_l1_028,gfcc,clean,0.07449915683857479,37.034432751909286
u1_l1_028,mfcc,clean,0.05969371635743639,45.11676775052445
u1_l1_028,gfcc,snr20,3.1493208919461284,5.801819300912207e-17
u1_l1_028,mfcc,snr20,3.2566308498812515,1.387317604531083e-17
u1_l1_028,gfcc,snr10,3.4123913210539945,1.738722959585478e-18
u1_l1_028,mfcc,snr10,3.4928183341550523,5.94990843764235e-19
u1_l1_028,gfcc,snr05,3.4759079208487402,7.45472461744887e-19
u1_l1_028,mfcc,snr05,3.656380573903357,6.720288334208928e-20
u1_l1_029,gfcc,clean,0.06408520385746042,42.55089127025366
u1_l1_029,mfcc,clean,0.05853805991778338,45.81734450518752
u1_l1_029,gfcc,snr20,2.9674036299601156,6.56104534144663e-16
u1_l1_029,mfcc,snr20,3.052183241008655,2.1185992244452843e-16
u1_l1_029,gfcc,snr10,3.2276297968118315,2.0422513645419167e-17
u1_l1_029,mfcc,snr10,3.403812063162276,1.949437789088096e-18
u1_l1_029,gfcc,snr05,3.4717392731100993,7.880804385779136e-19
u1_l1_029,mfcc,snr05,3.726280198271651,2.646230220537304e-20
u1_l1_030,gfcc,clean,0.0759021890646799,36.34806603077912
u1_l1_030,mfcc,clean,0.07547493717443395,36.55572067371076
u1_l1_030,gfcc,snr20,2.9789095100631227,5.627910330535349e-16
u1_l1_030,mfcc,snr20,3.136737082530216,6.861703033117596e-17
u1_l1_030,gfcc,snr10,3.1401325648665193,6.557979606252876e-17
u1_l1_030,mfcc,snr10,3.4078861294314247,1.8463673869498926e-18
u1_l1_030,gfcc,snr05,3.21444064752997,2.434905953884395e-17
u1_l1_030,mfcc,snr05,3.556415794677055,2.5482572407297362e-19
u1_l1_032,gfcc,clean,0.1000341315677011,26.347720562681687
u1_l1_032,mfcc,clean,0.09127200473090685,29.61290135350077
u1_l1_032,gfcc,snr20,3.140330007002979,6.540738024251411e-17
u1_l1_032,mfcc,snr20,3.3394691445718294,4.597196213796928e-18
u1_l1_032,gfcc,snr10,3.35046187914402,3.9704395427454204e-18
u1_l1_032,mfcc,snr10,3.6182132493973667,1.1178907240201943e-19
u1_l1_032,gfcc,snr05,3.3384051046784093,4.662882399111858e-18
u1_l1_032,mfcc,snr05,3.673457143668679,5.351856251460096e-20
u1_l1_036,gfcc,clean,0.037767714857225965,60.436948893795
u1_l1_036,mfcc,clean,0.040568117751234874,58.221921931413476
u1_l1_036,gfcc,snr20,3.169180181229847,4.4521228045143094e-17
u1_l1_036,mfcc,snr20,3.389704941538391,2.3528702661147546e-18
u1_l1_036,gfcc,snr10,3.316213563856295,6.268399183833853e-18
u1_l1_036,mfcc,snr10,3.664192847491525,6.055502801697036e-20
u1_l1_036,gfcc,snr05,3.511570677183388,4.633648591245247e-19
u1_l1_036,mfcc,snr05,3.87577602130283,3.605438938192019e-21
u1_l1_055,gfcc,clean,0.08674650853574768,31.454752109032842
u1_l1_055,mfcc,clean,0.08384314458912182,32.69628920408507
u1_l1_055,gfcc,snr20,3.126204721274252,7.896243577714576e-17
u1_l1_055,mfcc,snr20,3.310446291009856,6.769437387806258e-18
u1_l1_055,gfcc,snr10,3.2804832472829735,1.009383891642044e-17
u1_l1_055,mfcc,snr10,3.5060782816595912,4.985713540818729e-19
u1_l1_055,gfcc,snr05,3.3656084857656867,3.2443728005493953e-18
u1_l1_055,mfcc,snr05,3.640552599389211,8.299296238616702e-20
u1_l1_065,gfcc,clean,0.14066950095773023,15.326400126267028
u1_l1_065,mfcc,clean,0.1311984784536415,17.389335915940737
u1_l1_065,gfcc,snr20,3.1234981694942885,8.186402178995729e-17
u1_l1_065,mfcc,snr20,3.444979539282525,1.1259660025156224e-18
u1_l1_065,gfcc,snr10,3.2870100782300185,9.252565059513951e-18
u1_l1_065,mfcc,snr10,3.5618333190042346,2.370678101071513e-19
u1_l1_065,gfcc,snr05,3.260090229771577,1.3247808328664323e-17
u1_l1_065,mfcc,snr05,3.6028410291154676,1.3721880254035958e-19
u1_l1_070,gfcc,clean,0.15980144248824796,11.875581131880036
u1_l1_070,mfcc,clean,0.141520380839607,15.153503734086085
u1_l1_070,gfcc,snr20,3.422447789485544,1.5205386798909464e-18
u1_l1_070,mfcc,snr20,3.3927989298650876,2.2577817280773294e-18
u1_l1_070,gfcc,snr10,3.3820798562818104,2.604664239531744e-18
u1_l1_070,mfcc,snr10,3.649419934700733,7.373847237231008e-20
u1_l1_070,gfcc,snr05,3.384925211477428,2.507699268898864e-18
u1_l1_070,mfcc,snr05,3.6030559147114096,1.3682621396434655e-19
u1_l1_072,gfcc,clean,0.18049465241458584,9.012160396014572
u1_l1_072,mfcc,clean,0.15355617795239568,12.906802267605311
u1_l1_072,gfcc,snr20,3.2740989394328492,1.0990698609181252e-17
u1_l1_072,mfcc,snr20,3.278387438117269,1.037988035990552e-17
u1_l1_072,gfcc,snr10,3.2837104443547687,9.668720025098198e-18
u1_l1_072,mfcc,snr10,3.6075940395222226,1.2879258969184691e-19
u1_l1_072,gfcc,snr05,3.3906141446593447,2.3245192987171353e-18
u1_l1_072,mfcc,snr05,3.6488496889609836,7.430126318450932e-20
u1_l1_076,gfcc,clean,0.18017478718250027,9.050678164619725
u1_l1_076,mfcc,clean,0.18134147334293127,8.910976885951264
u1_l1_076,gfcc,snr20,3.2150070952623864,2.4165852663020896e-17
u1_l1_076,mfcc,snr20,3.3409177621482713,4.5092538569245515e-18
u1_l1_076,gfcc,snr10,3.239104349254036,1.7525270533873567e-17
u1_l1_076,mfcc,snr10,3.491996221414209,6.01548714204728e-19
u1_l1_076,gfcc,snr05,3.3032722171861715,7.448944149130603e-18
u1_l1_076,mfcc,snr05,3.485819177484505,6.531900352748607e-19
u1_l1_078,gfcc,clean,0.10471162058189451,24.754696903684717
u1_l1_078,mfcc,clean,0.11740167860554618,20.90136507116071
u1_l1_078,gfcc,snr20,3.1997749193831404,2.960775345585749e-17
u1_l1_078,mfcc,snr20,3.5238274986138416,3.935037078975479e-19
u1_l1_078,gfcc,snr10,3.313817807668376,6.471865672098173e-18
u1_l1_078,mfcc,snr10,3.656658121875629,6.695464928441069e-20
u1_l1_078,gfcc,snr05,3.3159399107783147,6.2913125168494964e-18
u1_l1_078,mfcc,snr05,3.7353465732430897,2.3449194914262e-20
u1_l1_082,gfcc,clean,0.10258567208278935,25.466432817014322
u1_l1_082,mfcc,clean,0.08339226991812201,32.8934402616229
u1_l1_082,gfcc,snr20,3.1439774906440925,6.230252686653525e-17
u1_l1_082,mfcc,snr20,3.0332309468720324,2.727682594618774e-16
u1_l1_082,gfcc,snr10,3.410377301917182,1.7860464697006257e-18
u1_l1_082,mfcc,snr10,3.49710909113359,5.619067572423324e-19
u1_l1_082,gfcc,snr05,3.404538607075954,1.930644269363399e-18
u1_l1_082,mfcc,snr05,3.5418706826682556,3.093628015729061e-19
u1_l1_084,gfcc,clean,0.10735567779664754,23.89719644975741
u1_l1_084,mfcc,clean,0.05266683089338327,49.54819211701277
u1_l1_084,gfcc,snr20,2.8797811080427773,2.1103739100194258e-15
u1_l1_084,mfcc,snr20,3.1436744349149865,6.255478468053882e-17
u1_l1_084,gfcc,snr10,3.2590961635109945,1.3424566460131707e-17
u1_l1_084,mfcc,snr10,3.5385440507879844,3.2339348287013928e-19
u1_l1_084,gfcc,snr05,3.3613446385871164,3.434163403603067e-18
u1_l1_084,mfcc,snr05,3.6811817753510514,4.828077592794068e-20
u1_l1_087,gfcc,clean,0.04203518254317113,57.09411721871458
u1_l1_087,mfcc,clean,0.054528555119967174,48.333397647452564
u1_l1_087,gfcc,snr20,3.1228375199922818,8.258831948909058e-17
u1_l1_087,mfcc,snr20,3.1928502067973015,3.247159701568156e-17
u1_l1_087,gfcc,snr10,3.3226087254633287,5.756054095207856e-18
u1_l1_087,mfcc,snr10,3.513509136967347,4.515421147723435e-19
u1_l1_087,gfcc,snr05,3.4361067506444223,1.2673716444153798e-18
u1_l1_087,mfcc,snr05,3.690009444399211,4.291971225574504e-20
u1_l1_090,gfcc,clean,0.07812084971376461,35.288560860234305
u1_l1_090,mfcc,clean,0.07749936479433625,35.582193212600124
u1_l1_090,gfcc,snr20,3.1368470073440107,6.851653447199315e-17
u1_l1_090,mfcc,snr20,3.0441330684086263,2.358653161329965e-16
u1_l1_090,gfcc,snr10,3.349753862483611,4.008098850456991e-18
u1_l1_090,mfcc,snr10,3.529558904625423,3.6455292647513674e-19
u1_l1_090,gfcc,snr05,3.5097258392370194,4.749039702507466e-19
u1_l1_090,mfcc,snr05,3.701084981553517,3.7027370589008635e-20
u1_l1_092,gfcc,clean,0.08277436299633249,33.165560815808995
u1_l1_092,mfcc,clean,0.07803010403382299,35.331283827179114
u1_l1_092,gfcc,snr20,3.1423260964924453,6.368955474041627e-17
u1_l1_092,mfcc,snr20,3.2602728128166887,1.3215596550926635e-17
u1_l1_092,gfcc,snr10,3.280377624189503,1.0108064164051726e-17
u1_l1_092,mfcc,snr10,3.5287504565653562,3.6850381019751663e-19
u1_l1_092,gfcc,snr05,3.446077814061204,1.1095978722105643e-18
u1_l1_092,mfcc,snr05,3.6830297041963793,4.710571900414964e-20
u1_l1_095,gfcc,clean,0.02668142288756165,70.06461451733284
u1_l1_095,mfcc,clean,0.04165964050885558,57.38071736829548
u1_l1_095,gfcc,snr20,2.884856976697021,1.9722734080091235e-15
u1_l1_095,mfcc,snr20,3.096692340635776,1.1703472099381194e-16
u1_l1_095,gfcc,snr10,3.2008937415360954,2.916935405267084e-17
u1_l1_095,mfcc,snr10,3.2553476298302675,1.411258278418985e-17
u1_l1_095,gfcc,snr05,3.2045494638450376,2.778164845727568e-17
u1_l1_095,mfcc,snr05,3.5413812446177313,3.1138825563347917e-19
u1_l1_104,gfcc,clean,0.028262310243858557,68.60321384841018
u1_l1_104,mfcc,clean,0.04375465871404316,55.800048383098954
u1_l1_104,gfcc,snr20,3.0216268005985434,3.184114831746796e-16
u1_l1_104,mfcc,snr20,3.1993967325825956,2.975742732393387e-17
u1_l1_104,gfcc,snr10,3.3157616246605106,6.3062856889837804e-18
u1_l1_104,mfcc,snr10,3.5732601071796446,2.0356574890337648e-19
u1_l1_104,gfcc,snr05,3.4501523056065366,1.0509254095674558e-18
u1_l1_104,mfcc,snr05,3.703557227085237,3.582672456191559e-20
u1_l1_108,gfcc,clean,0.0474971205713232,53.083983037653496
u1_l1_108,mfcc,clean,0.06094607113713412,44.369660072474595
u1_l1_108,gfcc,snr20,2.849574643914855,3.1569866957718722e-15
u1_l1_108,mfcc,snr20,3.1060804376257694,1.0326474443297347e-16
u1_l1_108,gfcc,snr10,3.0601072801854863,1.9061800610583877e-16
u1_l1_108,mfcc,snr10,3.418576328923753,1.6010891892038237e-18
u1_l1_108,gfcc,snr05,3.2785222339510334,1.0361241586083334e-17
u1_l1_108,mfcc,snr05,3.6158471505201275,1.153720124920854e-19
u1_l1_109,gfcc,clean,0.07075323783014077,38.93111029802544
u1_l1_109,mfcc,clean,0.0873884070308965,31.18669075925761
u1_l1_109,gfcc,snr20,2.944465820043343,8.908335457126974e-16
u1_l1_109,mfcc,snr20,3.087701348164164,1.3194043239852234e-16
u1_l1_109,gfcc,snr10,3.1564255103439067,5.277451420278978e-17
u1_l1_109,mfcc,snr10,3.372370561876175,2.9646560871090476e-18
u1_l1_109,gfcc,snr05,3.21951283756044,2.2756800544067027e-17
u1_l1_109,mfcc,snr05,3.413068490855583,1.7230948094095421e-18
u1_l1_113,gfcc,clean,0.008570307897844914,89.20163901429083
u1_l1_113,mfcc,clean,0.01465027332384013,82.25574278784296
u1_l1_113,gfcc,snr20,2.863531449478823,2.620924857461116e-15
u1_l1_113,mfcc,snr20,3.0884905869689545,1.3055927875535348e-16
u1_l1_113,gfcc,snr10,3.369599463726246,3.076242886101678e-18
u1_l1_113,mfcc,snr10,3.577718285867597,1.9181793378912371e-19
u1_l1_113,gfcc,snr05,3.5539657434233884,2.6328766732971867e-19
u1_l1_113,mfcc,snr05,3.776998567729462,1.3456688057492736e-20
u1_l1_118,gfcc,clean,0.03627544800175795,61.65149912146902
u1_l1_118,mfcc,clean,0.04272049484058262,56.574796137675975
u1_l1_118,gfcc,snr20,2.8200398101698343,4.680550721939023e-15
u1_l1_118,mfcc,snr20,3.029074974774077,2.8830978071904995e-16
u1_l1_118,gfcc,snr10,3.2337419415268083,1.8824188016903386e-17
u1_l1_118,mfcc,snr10,3.41413858327939,1.698684423296915e-18
u1_l1_118,gfcc,snr05,3.251821602869705,1.47919111624735e-17
u1_l1_118,mfcc,snr05,3.548105203306688,2.846862684406295e-19
u1_l1_119,gfcc,clean,0.022795987136480858,73.79003466394816
u1_l1_119,mfcc,clean,0.0328386915645181,64.54230918595974
u1_l1_119,gfcc,snr20,2.909259961504879,1.4244898659691115e-15
u1_l1_119,mfcc,snr20,3.113776569844478,9.319377509373694e-17
u1_l1_119,gfcc,snr10,3.171399838758573,4.3222909899776926e-17
u1_l1_119,mfcc,snr10,3.5145318403376713,4.454266562969657e-19
u1_l1_119,gfcc,snr05,3.4294173808793884,1.3856048810104977e-18
u1_l1_119,mfcc,snr05,3.6994228339751007,3.785713057619157e-20
